Витрина,Критичность,Объём данных (ГБ),Кол-во связей,Качество данных,Сложность изменений,Ошибки в истории
DWH_Vitrina_1,Высокая,177,10,75,9,2
DWH_Vitrina_2,Средняя,96,4,79,7,2
DWH_Vitrina_3,Высокая,107,18,100,3,5
DWH_Vitrina_4,Высокая,134,1,90,4,6
DWH_Vitrina_5,Низкая,189,19,86,9,5
DWH_Vitrina_6,Высокая,86,8,72,10,2
DWH_Vitrina_7,Высокая,63,5,97,2,3
DWH_Vitrina_8,Низкая,186,3,82,1,1
DWH_Vitrina_9,Высокая,192,6,94,9,1
DWH_Vitrina_10,Низкая,16,3,68,4,3
DWH_Vitrina_11,Высокая,38,18,76,8,6
DWH_Vitrina_12,Высокая,125,17,69,1,1
DWH_Vitrina_13,Средняя,10,6,80,10,6
DWH_Vitrina_14,Высокая,39,2,71,11,2
DWH_Vitrina_15,Средняя,42,16,63,4,4
DWH_Vitrina_16,Низкая,13,12,92,4,2
DWH_Vitrina_17,Высокая,75,1,99,4,1
DWH_Vitrina_18,Низкая,91,8,82,10,0
DWH_Vitrina_19,Низкая,99,3,64,7,4
DWH_Vitrina_20,Высокая,21,6,90,7,5
DWH_Vitrina_21,Низкая,107,19,63,8,7
DWH_Vitrina_22,Средняя,28,1,95,3,3
DWH_Vitrina_23,Низкая,43,19,92,8,0
DWH_Vitrina_24,Низкая,63,5,92,5,2
DWH_Vitrina_25,Средняя,164,14,80,2,5
DWH_Vitrina_26,Средняя,171,7,93,9,6
DWH_Vitrina_27,Высокая,39,21,83,9,0
DWH_Vitrina_28,Средняя,130,10,91,3,5
DWH_Vitrina_29,Низкая,59,10,82,5,4
DWH_Vitrina_30,Высокая,71,7,85,3,6
DWH_Vitrina_31,Высокая,159,19,66,2,1
DWH_Vitrina_32,Средняя,197,15,99,11,2
DWH_Vitrina_33,Средняя,112,21,89,5,2
DWH_Vitrina_34,Высокая,41,7,79,1,1
DWH_Vitrina_35,Низкая,42,4,73,7,1
DWH_Vitrina_36,Низкая,111,5,64,5,3
DWH_Vitrina_37,Низкая,152,4,60,11,2
DWH_Vitrina_38,Высокая,73,3,99,3,2
DWH_Vitrina_39,Средняя,24,9,78,1,5
DWH_Vitrina_40,Высокая,16,8,97,7,7
DWH_Vitrina_41,Высокая,188,20,74,5,4
DWH_Vitrina_42,Низкая,22,8,98,2,2
DWH_Vitrina_43,Средняя,74,5,67,9,3
DWH_Vitrina_44,Высокая,69,7,67,8,7
DWH_Vitrina_45,Низкая,10,12,100,7,7
DWH_Vitrina_46,Средняя,183,12,92,11,5
DWH_Vitrina_47,Средняя,100,18,78,10,2
DWH_Vitrina_48,Низкая,55,10,60,4,7
DWH_Vitrina_49,Средняя,85,11,64,7,5
DWH_Vitrina_50,Высокая,39,14,82,10,2
DWH_Vitrina_51,Низкая,74,1,79,2,3
DWH_Vitrina_52,Высокая,147,19,98,2,1
DWH_Vitrina_53,Высокая,51,13,80,1,6
DWH_Vitrina_54,Низкая,104,5,100,3,3
DWH_Vitrina_55,Средняя,124,14,85,11,5
DWH_Vitrina_56,Средняя,194,10,86,1,0
DWH_Vitrina_57,Высокая,130,1,79,2,4
DWH_Vitrina_58,Низкая,120,3,96,2,7
DWH_Vitrina_59,Высокая,180,7,92,11,4
DWH_Vitrina_60,Средняя,77,7,63,11,6
DWH_Vitrina_61,Средняя,130,7,62,3,3
DWH_Vitrina_62,Средняя,30,11,72,6,4
DWH_Vitrina_63,Низкая,84,16,65,11,7
DWH_Vitrina_64,Высокая,190,8,82,7,7
DWH_Vitrina_65,Высокая,96,4,87,3,5
DWH_Vitrina_66,Высокая,191,2,89,2,2
DWH_Vitrina_67,Низкая,138,9,94,9,4
DWH_Vitrina_68,Низкая,154,18,97,11,6
DWH_Vitrina_69,Низкая,24,16,92,1,6
DWH_Vitrina_70,Средняя,81,11,91,2,6
DWH_Vitrina_71,Низкая,97,14,82,2,3
DWH_Vitrina_72,Высокая,106,9,98,3,5
DWH_Vitrina_73,Высокая,19,19,71,8,6
DWH_Vitrina_74,Низкая,28,12,97,10,1
DWH_Vitrina_75,Средняя,6,14,93,2,7
DWH_Vitrina_76,Низкая,154,18,64,4,7
DWH_Vitrina_77,Средняя,14,4,98,7,7
DWH_Vitrina_78,Высокая,115,13,88,11,7
DWH_Vitrina_79,Средняя,13,13,71,7,7
DWH_Vitrina_80,Высокая,19,4,61,9,6
DWH_Vitrina_81,Средняя,188,19,67,2,1
DWH_Vitrina_82,Средняя,16,3,92,11,6
DWH_Vitrina_83,Низкая,187,6,62,6,1
DWH_Vitrina_84,Средняя,14,12,73,2,3
DWH_Vitrina_85,Средняя,58,14,70,6,6
DWH_Vitrina_86,Высокая,183,19,82,1,7
DWH_Vitrina_87,Низкая,135,5,65,5,1
DWH_Vitrina_88,Средняя,116,9,60,8,6
DWH_Vitrina_89,Высокая,37,1,84,2,4
DWH_Vitrina_90,Высокая,53,10,99,10,4
DWH_Vitrina_91,Средняя,73,16,90,1,5
DWH_Vitrina_92,Низкая,141,15,80,7,4
DWH_Vitrina_93,Средняя,197,19,93,3,7
DWH_Vitrina_94,Высокая,172,2,75,9,4
DWH_Vitrina_95,Низкая,56,18,98,6,5
DWH_Vitrina_96,Высокая,184,8,93,1,5
DWH_Vitrina_97,Высокая,82,5,78,11,1
DWH_Vitrina_98,Низкая,150,14,74,8,7
DWH_Vitrina_99,Средняя,35,11,75,3,2
DWH_Vitrina_100,Высокая,143,12,96,3,4
DWH_Vitrina_101,Средняя,8,17,101,7,0
DWH_Vitrina_102,Высокая,193,13,87,5,3
DWH_Vitrina_103,Средняя,164,7,100,6,6
DWH_Vitrina_104,Средняя,150,14,70,9,1
DWH_Vitrina_105,Низкая,177,12,97,3,5
DWH_Vitrina_106,Низкая,153,20,80,3,3
DWH_Vitrina_107,Средняя,35,5,64,1,3
DWH_Vitrina_108,Высокая,115,7,67,3,3
DWH_Vitrina_109,Высокая,104,8,91,8,0
DWH_Vitrina_110,Низкая,62,5,76,4,0
DWH_Vitrina_111,Высокая,137,8,78,8,4
DWH_Vitrina_112,Средняя,73,8,65,7,1
DWH_Vitrina_113,Высокая,194,12,101,7,7
DWH_Vitrina_114,Средняя,106,18,92,3,1
DWH_Vitrina_115,Средняя,197,4,64,7,2
DWH_Vitrina_116,Высокая,17,11,81,4,2
DWH_Vitrina_117,Низкая,131,13,63,7,0
DWH_Vitrina_118,Средняя,23,1,83,9,1
DWH_Vitrina_119,Средняя,85,15,79,4,0
DWH_Vitrina_120,Высокая,71,13,92,4,3
DWH_Vitrina_121,Средняя,131,11,99,7,2
DWH_Vitrina_122,Низкая,78,7,78,8,7
DWH_Vitrina_123,Высокая,22,6,62,3,1
DWH_Vitrina_124,Средняя,113,7,63,6,6
DWH_Vitrina_125,Низкая,166,21,64,11,4
DWH_Vitrina_126,Средняя,59,9,99,7,5
DWH_Vitrina_127,Высокая,58,4,84,5,7
DWH_Vitrina_128,Средняя,172,7,62,2,3
DWH_Vitrina_129,Высокая,119,4,81,3,3
DWH_Vitrina_130,Средняя,61,3,66,8,5
DWH_Vitrina_131,Высокая,172,14,95,1,7
DWH_Vitrina_132,Низкая,120,5,83,6,2
DWH_Vitrina_133,Средняя,139,21,78,9,0
DWH_Vitrina_134,Низкая,189,7,66,2,6
DWH_Vitrina_135,Высокая,119,17,92,11,4
DWH_Vitrina_136,Высокая,83,16,82,2,2
DWH_Vitrina_137,Средняя,122,21,66,11,1
DWH_Vitrina_138,Низкая,162,1,67,8,3
DWH_Vitrina_139,Высокая,164,8,99,6,4
DWH_Vitrina_140,Высокая,62,12,65,7,2
DWH_Vitrina_141,Высокая,184,4,72,5,6
DWH_Vitrina_142,Низкая,99,8,100,9,3
DWH_Vitrina_143,Средняя,37,11,95,4,7
DWH_Vitrina_144,Низкая,142,4,84,4,4
DWH_Vitrina_145,Средняя,160,7,92,5,6
DWH_Vitrina_146,Средняя,91,12,80,9,4
DWH_Vitrina_147,Высокая,24,10,97,3,7
DWH_Vitrina_148,Низкая,10,14,81,4,5
DWH_Vitrina_149,Низкая,127,9,65,3,6
DWH_Vitrina_150,Средняя,86,13,96,8,0
DWH_Vitrina_151,Средняя,52,9,61,6,6
DWH_Vitrina_152,Высокая,99,18,99,1,1
DWH_Vitrina_153,Средняя,21,14,60,2,4
DWH_Vitrina_154,Средняя,19,14,71,5,5
DWH_Vitrina_155,Низкая,141,3,70,4,1
DWH_Vitrina_156,Высокая,138,16,92,6,7
DWH_Vitrina_157,Низкая,160,8,60,8,7
DWH_Vitrina_158,Низкая,51,16,87,11,6
DWH_Vitrina_159,Высокая,129,17,73,10,7
DWH_Vitrina_160,Средняя,93,8,89,3,1
DWH_Vitrina_161,Средняя,160,3,94,2,7
DWH_Vitrina_162,Высокая,88,16,101,8,7
DWH_Vitrina_163,Средняя,54,12,85,10,2
DWH_Vitrina_164,Высокая,145,8,88,4,0
DWH_Vitrina_165,Средняя,121,14,93,3,2
DWH_Vitrina_166,Высокая,21,20,101,5,1
DWH_Vitrina_167,Высокая,196,10,96,5,2
DWH_Vitrina_168,Низкая,88,9,88,11,4
DWH_Vitrina_169,Высокая,31,13,87,10,6
DWH_Vitrina_170,Высокая,112,3,100,6,6
DWH_Vitrina_171,Низкая,36,19,62,9,6
DWH_Vitrina_172,Высокая,178,11,89,8,7
DWH_Vitrina_173,Низкая,156,21,60,10,4
DWH_Vitrina_174,Низкая,11,13,95,7,3
DWH_Vitrina_175,Высокая,22,15,72,9,0
DWH_Vitrina_176,Высокая,15,19,101,3,7
DWH_Vitrina_177,Средняя,30,18,79,9,3
DWH_Vitrina_178,Высокая,163,6,76,7,1
DWH_Vitrina_179,Низкая,98,9,98,3,0
DWH_Vitrina_180,Средняя,62,6,68,9,0
DWH_Vitrina_181,Средняя,130,2,92,9,1
DWH_Vitrina_182,Высокая,176,7,72,4,3
DWH_Vitrina_183,Средняя,14,13,87,5,4
DWH_Vitrina_184,Низкая,85,16,81,5,2
DWH_Vitrina_185,Высокая,5,14,78,2,7
DWH_Vitrina_186,Низкая,36,8,61,3,4
DWH_Vitrina_187,Средняя,87,4,101,4,3
DWH_Vitrina_188,Высокая,13,12,98,3,4
DWH_Vitrina_189,Высокая,75,15,74,6,1
DWH_Vitrina_190,Средняя,45,21,93,6,0
DWH_Vitrina_191,Высокая,97,11,74,5,2
DWH_Vitrina_192,Высокая,88,12,97,5,7
DWH_Vitrina_193,Средняя,178,19,94,9,6
DWH_Vitrina_194,Низкая,79,18,80,1,4
DWH_Vitrina_195,Высокая,17,14,73,1,1
DWH_Vitrina_196,Средняя,19,16,73,6,3
DWH_Vitrina_197,Низкая,16,6,99,6,5
DWH_Vitrina_198,Высокая,122,8,73,6,6
DWH_Vitrina_199,Высокая,177,16,73,9,6
DWH_Vitrina_200,Низкая,25,21,71,10,5
DWH_Vitrina_201,Высокая,168,18,88,2,2
DWH_Vitrina_202,Низкая,145,14,70,7,4
DWH_Vitrina_203,Высокая,125,3,70,10,6
DWH_Vitrina_204,Средняя,166,1,90,7,3
DWH_Vitrina_205,Средняя,129,5,94,1,7
DWH_Vitrina_206,Средняя,95,2,86,9,7
DWH_Vitrina_207,Высокая,171,16,83,6,1
DWH_Vitrina_208,Низкая,151,21,94,8,3
DWH_Vitrina_209,Низкая,159,10,87,4,4
DWH_Vitrina_210,Средняя,78,11,98,4,2
DWH_Vitrina_211,Высокая,106,14,101,10,7
DWH_Vitrina_212,Высокая,167,20,90,10,3
DWH_Vitrina_213,Высокая,40,3,75,3,6
DWH_Vitrina_214,Средняя,90,16,92,3,3
DWH_Vitrina_215,Низкая,101,12,100,2,4
DWH_Vitrina_216,Средняя,126,12,79,11,4
DWH_Vitrina_217,Средняя,12,17,101,5,4
DWH_Vitrina_218,Средняя,183,10,75,4,2
DWH_Vitrina_219,Средняя,193,8,61,9,6
DWH_Vitrina_220,Высокая,6,11,73,5,7
DWH_Vitrina_221,Высокая,59,1,95,3,7
DWH_Vitrina_222,Высокая,53,16,70,11,2
DWH_Vitrina_223,Средняя,56,12,69,8,4
DWH_Vitrina_224,Низкая,83,14,71,1,3
DWH_Vitrina_225,Низкая,44,10,86,2,1
DWH_Vitrina_226,Средняя,130,18,85,6,0
DWH_Vitrina_227,Высокая,151,4,63,5,0
DWH_Vitrina_228,Низкая,157,10,90,5,7
DWH_Vitrina_229,Низкая,84,1,85,11,0
DWH_Vitrina_230,Низкая,121,3,60,8,0
DWH_Vitrina_231,Низкая,130,19,86,6,4
DWH_Vitrina_232,Средняя,103,2,65,4,7
DWH_Vitrina_233,Высокая,99,15,86,11,2
DWH_Vitrina_234,Средняя,169,15,66,4,1
DWH_Vitrina_235,Средняя,38,17,92,4,0
DWH_Vitrina_236,Низкая,44,20,94,3,4
DWH_Vitrina_237,Низкая,56,16,95,9,6
DWH_Vitrina_238,Средняя,140,7,90,11,6
DWH_Vitrina_239,Высокая,55,13,78,7,3
DWH_Vitrina_240,Средняя,154,12,79,3,5
DWH_Vitrina_241,Средняя,113,8,85,6,4
DWH_Vitrina_242,Низкая,108,17,78,10,2
DWH_Vitrina_243,Средняя,152,6,93,8,4
DWH_Vitrina_244,Низкая,28,8,92,9,2
DWH_Vitrina_245,Высокая,25,3,94,11,7
DWH_Vitrina_246,Средняя,15,19,87,5,5
DWH_Vitrina_247,Средняя,139,12,69,10,2
DWH_Vitrina_248,Высокая,75,7,89,4,2
DWH_Vitrina_249,Низкая,18,16,88,11,5
DWH_Vitrina_250,Средняя,68,1,98,4,6
DWH_Vitrina_251,Высокая,126,10,100,2,6
DWH_Vitrina_252,Средняя,75,5,62,2,1
DWH_Vitrina_253,Низкая,64,19,81,4,2
DWH_Vitrina_254,Средняя,108,10,100,10,6
DWH_Vitrina_255,Низкая,48,1,92,6,7
DWH_Vitrina_256,Высокая,190,8,84,4,7
DWH_Vitrina_257,Высокая,45,6,87,7,0
DWH_Vitrina_258,Низкая,35,13,60,4,1
DWH_Vitrina_259,Низкая,88,4,77,5,7
DWH_Vitrina_260,Высокая,131,14,69,3,2
DWH_Vitrina_261,Низкая,146,20,68,5,2
DWH_Vitrina_262,Средняя,36,5,71,10,2
DWH_Vitrina_263,Высокая,103,14,63,7,3
DWH_Vitrina_264,Средняя,140,11,76,10,1
DWH_Vitrina_265,Высокая,85,6,70,2,7
DWH_Vitrina_266,Низкая,34,9,88,8,0
DWH_Vitrina_267,Низкая,172,18,89,4,2
DWH_Vitrina_268,Средняя,128,16,93,1,3
DWH_Vitrina_269,Средняя,93,21,100,10,6
DWH_Vitrina_270,Высокая,43,19,90,1,6
DWH_Vitrina_271,Низкая,106,1,82,7,6
DWH_Vitrina_272,Низкая,62,19,73,4,3
DWH_Vitrina_273,Средняя,107,1,95,4,4
DWH_Vitrina_274,Средняя,85,12,84,7,5
DWH_Vitrina_275,Высокая,84,2,86,10,7
DWH_Vitrina_276,Низкая,41,6,84,5,1
DWH_Vitrina_277,Высокая,132,2,70,1,4
DWH_Vitrina_278,Средняя,155,21,97,1,3
DWH_Vitrina_279,Низкая,117,3,79,10,0
DWH_Vitrina_280,Средняя,149,6,77,11,2
DWH_Vitrina_281,Средняя,183,15,76,6,4
DWH_Vitrina_282,Низкая,95,2,71,3,5
DWH_Vitrina_283,Низкая,159,12,94,11,4
DWH_Vitrina_284,Высокая,162,14,70,3,5
DWH_Vitrina_285,Высокая,110,10,94,6,4
DWH_Vitrina_286,Высокая,79,2,60,3,5
DWH_Vitrina_287,Низкая,53,16,78,7,4
DWH_Vitrina_288,Низкая,117,21,83,3,0
DWH_Vitrina_289,Высокая,175,11,97,2,7
DWH_Vitrina_290,Низкая,59,1,99,11,4
DWH_Vitrina_291,Низкая,56,12,72,8,1
DWH_Vitrina_292,Высокая,182,21,77,1,0
DWH_Vitrina_293,Высокая,117,11,80,2,0
DWH_Vitrina_294,Средняя,129,1,65,9,6
DWH_Vitrina_295,Средняя,118,19,66,6,7
DWH_Vitrina_296,Средняя,172,10,99,8,0
DWH_Vitrina_297,Низкая,50,7,82,2,2
DWH_Vitrina_298,Высокая,162,11,101,8,2
DWH_Vitrina_299,Низкая,178,15,78,7,7
DWH_Vitrina_300,Высокая,199,19,85,1,1
DWH_Vitrina_301,Низкая,96,18,69,2,6
DWH_Vitrina_302,Низкая,104,20,73,7,1
DWH_Vitrina_303,Низкая,9,12,88,2,6
DWH_Vitrina_304,Средняя,136,1,60,2,0
DWH_Vitrina_305,Низкая,51,13,60,6,1
DWH_Vitrina_306,Высокая,166,5,83,4,7
DWH_Vitrina_307,Низкая,73,2,76,2,5
DWH_Vitrina_308,Низкая,182,3,99,3,3
DWH_Vitrina_309,Высокая,65,15,60,9,1
DWH_Vitrina_310,Низкая,129,11,97,9,1
DWH_Vitrina_311,Высокая,166,15,65,11,5
DWH_Vitrina_312,Высокая,190,9,73,11,7
DWH_Vitrina_313,Средняя,52,2,62,5,7
DWH_Vitrina_314,Низкая,25,13,70,8,2
DWH_Vitrina_315,Средняя,167,1,62,6,0
DWH_Vitrina_316,Высокая,45,4,92,1,6
DWH_Vitrina_317,Низкая,182,3,73,7,0
DWH_Vitrina_318,Низкая,146,21,92,6,3
DWH_Vitrina_319,Низкая,191,2,75,4,1
DWH_Vitrina_320,Средняя,105,12,76,3,0
DWH_Vitrina_321,Средняя,54,3,66,3,6
DWH_Vitrina_322,Высокая,143,4,74,5,4
DWH_Vitrina_323,Высокая,57,16,79,3,6
DWH_Vitrina_324,Высокая,62,10,75,7,4
DWH_Vitrina_325,Низкая,97,20,77,10,7
DWH_Vitrina_326,Низкая,84,11,91,9,4
DWH_Vitrina_327,Высокая,100,19,93,9,0
DWH_Vitrina_328,Средняя,154,7,67,1,3
DWH_Vitrina_329,Низкая,183,10,71,5,7
DWH_Vitrina_330,Средняя,75,1,61,2,6
DWH_Vitrina_331,Средняя,163,21,72,2,1
DWH_Vitrina_332,Средняя,146,13,74,8,5
DWH_Vitrina_333,Высокая,136,11,99,4,4
DWH_Vitrina_334,Средняя,185,20,101,5,7
DWH_Vitrina_335,Средняя,197,3,60,4,7
DWH_Vitrina_336,Низкая,29,16,85,2,4
DWH_Vitrina_337,Высокая,75,6,79,11,7
DWH_Vitrina_338,Низкая,139,8,85,3,3
DWH_Vitrina_339,Средняя,191,9,70,8,4
DWH_Vitrina_340,Высокая,101,4,66,2,7
DWH_Vitrina_341,Низкая,18,13,64,11,6
DWH_Vitrina_342,Высокая,156,9,85,6,3
DWH_Vitrina_343,Низкая,201,14,65,8,5
DWH_Vitrina_344,Средняя,84,15,80,2,2
DWH_Vitrina_345,Низкая,122,9,60,8,6
DWH_Vitrina_346,Высокая,130,2,84,7,2
DWH_Vitrina_347,Высокая,118,21,76,10,7
DWH_Vitrina_348,Средняя,71,2,101,5,5
DWH_Vitrina_349,Высокая,28,7,95,6,2
DWH_Vitrina_350,Высокая,108,10,87,2,4
DWH_Vitrina_351,Высокая,35,18,98,10,7
DWH_Vitrina_352,Средняя,184,2,82,1,4
DWH_Vitrina_353,Средняя,15,7,79,3,7
DWH_Vitrina_354,Низкая,33,20,101,4,4
DWH_Vitrina_355,Низкая,174,21,94,11,1
DWH_Vitrina_356,Низкая,72,9,100,1,0
DWH_Vitrina_357,Низкая,35,15,83,2,6
DWH_Vitrina_358,Средняя,189,4,88,10,4
DWH_Vitrina_359,Средняя,144,17,86,6,5
DWH_Vitrina_360,Средняя,69,14,65,5,0
DWH_Vitrina_361,Высокая,100,12,96,7,7
DWH_Vitrina_362,Низкая,109,18,84,8,3
DWH_Vitrina_363,Средняя,102,13,76,2,6
DWH_Vitrina_364,Низкая,142,3,87,10,5
DWH_Vitrina_365,Высокая,129,21,88,7,1
DWH_Vitrina_366,Высокая,122,3,93,11,5
DWH_Vitrina_367,Высокая,153,13,61,7,1
DWH_Vitrina_368,Высокая,64,18,61,11,0
DWH_Vitrina_369,Средняя,56,16,65,6,5
DWH_Vitrina_370,Высокая,163,15,94,7,0
DWH_Vitrina_371,Средняя,143,4,66,9,2
DWH_Vitrina_372,Средняя,73,20,72,11,2
DWH_Vitrina_373,Средняя,181,7,80,3,4
DWH_Vitrina_374,Высокая,90,16,63,2,5
DWH_Vitrina_375,Высокая,170,2,98,2,5
DWH_Vitrina_376,Высокая,12,1,68,10,5
DWH_Vitrina_377,Высокая,25,3,63,6,7
DWH_Vitrina_378,Низкая,190,9,91,9,5
DWH_Vitrina_379,Средняя,155,14,72,11,1
DWH_Vitrina_380,Средняя,118,4,60,8,2
DWH_Vitrina_381,Средняя,146,20,101,8,0
DWH_Vitrina_382,Высокая,131,19,60,11,6
DWH_Vitrina_383,Средняя,57,18,79,3,5
DWH_Vitrina_384,Высокая,7,8,97,5,7
DWH_Vitrina_385,Средняя,80,20,62,5,3
DWH_Vitrina_386,Низкая,47,11,89,7,1
DWH_Vitrina_387,Низкая,114,10,60,3,0
DWH_Vitrina_388,Средняя,58,18,96,4,5
DWH_Vitrina_389,Низкая,93,3,68,9,0
DWH_Vitrina_390,Низкая,33,19,73,9,7
DWH_Vitrina_391,Средняя,12,4,101,5,0
DWH_Vitrina_392,Низкая,78,9,95,6,7
DWH_Vitrina_393,Средняя,152,4,90,9,3
DWH_Vitrina_394,Высокая,115,13,98,2,5
DWH_Vitrina_395,Низкая,77,1,81,3,6
DWH_Vitrina_396,Высокая,172,7,101,10,5
DWH_Vitrina_397,Низкая,23,4,80,1,2
DWH_Vitrina_398,Высокая,144,17,68,4,7
DWH_Vitrina_399,Низкая,194,17,96,7,6
DWH_Vitrina_400,Низкая,109,9,80,3,1
DWH_Vitrina_401,Высокая,114,18,90,2,2
DWH_Vitrina_402,Высокая,41,4,94,11,0
DWH_Vitrina_403,Низкая,8,1,66,11,6
DWH_Vitrina_404,Средняя,71,1,84,3,0
DWH_Vitrina_405,Высокая,175,7,61,6,0
DWH_Vitrina_406,Средняя,149,19,93,7,3
DWH_Vitrina_407,Высокая,38,8,68,1,7
DWH_Vitrina_408,Низкая,34,3,61,3,6
DWH_Vitrina_409,Средняя,42,18,90,2,6
DWH_Vitrina_410,Высокая,175,21,77,6,0
DWH_Vitrina_411,Низкая,80,12,92,1,5
DWH_Vitrina_412,Высокая,60,20,63,5,5
DWH_Vitrina_413,Низкая,135,9,100,11,3
DWH_Vitrina_414,Высокая,162,12,93,1,4
DWH_Vitrina_415,Низкая,196,10,98,7,0
DWH_Vitrina_416,Высокая,94,7,75,6,7
DWH_Vitrina_417,Низкая,27,10,101,2,3
DWH_Vitrina_418,Средняя,117,2,69,5,3
DWH_Vitrina_419,Низкая,196,6,90,4,6
DWH_Vitrina_420,Низкая,76,5,78,8,6
DWH_Vitrina_421,Низкая,187,18,74,2,7
DWH_Vitrina_422,Средняя,160,1,89,10,7
DWH_Vitrina_423,Низкая,117,10,75,3,7
DWH_Vitrina_424,Низкая,102,18,78,2,0
DWH_Vitrina_425,Низкая,170,8,70,1,3
DWH_Vitrina_426,Высокая,20,9,98,7,1
DWH_Vitrina_427,Высокая,167,8,67,2,7
DWH_Vitrina_428,Низкая,166,12,84,5,3
DWH_Vitrina_429,Высокая,94,12,77,4,2
DWH_Vitrina_430,Высокая,90,9,95,2,7
DWH_Vitrina_431,Высокая,61,4,80,6,0
DWH_Vitrina_432,Низкая,116,10,86,5,0
DWH_Vitrina_433,Низкая,95,12,62,1,6
DWH_Vitrina_434,Низкая,197,9,95,2,1
DWH_Vitrina_435,Высокая,70,13,91,7,7
DWH_Vitrina_436,Высокая,152,14,96,4,5
DWH_Vitrina_437,Высокая,160,19,79,2,6
DWH_Vitrina_438,Высокая,27,14,74,9,0
DWH_Vitrina_439,Низкая,81,8,80,2,1
DWH_Vitrina_440,Низкая,153,21,99,7,2
DWH_Vitrina_441,Низкая,109,17,97,1,6
DWH_Vitrina_442,Низкая,163,15,71,1,3
DWH_Vitrina_443,Низкая,197,14,93,9,7
DWH_Vitrina_444,Низкая,37,15,84,3,1
DWH_Vitrina_445,Средняя,118,13,74,5,7
DWH_Vitrina_446,Низкая,123,5,81,3,6
DWH_Vitrina_447,Высокая,145,10,93,6,0
DWH_Vitrina_448,Средняя,170,12,61,10,1
DWH_Vitrina_449,Высокая,107,8,82,8,0
DWH_Vitrina_450,Средняя,153,11,67,6,6
DWH_Vitrina_451,Средняя,147,3,89,4,3
DWH_Vitrina_452,Низкая,131,18,73,9,0
DWH_Vitrina_453,Средняя,46,5,62,2,1
DWH_Vitrina_454,Средняя,83,2,98,5,4
DWH_Vitrina_455,Средняя,8,14,71,6,1
DWH_Vitrina_456,Низкая,27,10,93,10,2
DWH_Vitrina_457,Низкая,55,6,88,1,3
DWH_Vitrina_458,Высокая,43,2,101,10,2
DWH_Vitrina_459,Высокая,73,7,98,2,4
DWH_Vitrina_460,Средняя,52,7,60,10,0
DWH_Vitrina_461,Низкая,162,7,61,1,2
DWH_Vitrina_462,Высокая,119,21,93,9,5
DWH_Vitrina_463,Высокая,111,16,75,2,5
DWH_Vitrina_464,Низкая,129,8,83,3,2
DWH_Vitrina_465,Высокая,126,21,98,6,5
DWH_Vitrina_466,Низкая,180,21,99,9,3
DWH_Vitrina_467,Высокая,182,8,75,6,7
DWH_Vitrina_468,Средняя,133,3,68,5,0
DWH_Vitrina_469,Средняя,188,13,68,9,3
DWH_Vitrina_470,Средняя,164,19,69,4,2
DWH_Vitrina_471,Средняя,8,7,80,4,3
DWH_Vitrina_472,Высокая,13,1,70,6,7
DWH_Vitrina_473,Низкая,157,16,82,3,3
DWH_Vitrina_474,Низкая,97,16,67,7,1
DWH_Vitrina_475,Низкая,155,21,61,7,6
DWH_Vitrina_476,Средняя,12,9,94,9,2
DWH_Vitrina_477,Низкая,10,19,85,5,7
DWH_Vitrina_478,Низкая,114,11,97,1,3
DWH_Vitrina_479,Высокая,122,9,81,2,3
DWH_Vitrina_480,Низкая,160,12,60,3,1
DWH_Vitrina_481,Низкая,121,5,74,6,3
DWH_Vitrina_482,Низкая,13,5,83,5,2
DWH_Vitrina_483,Низкая,176,11,73,9,6
DWH_Vitrina_484,Низкая,73,17,100,2,3
DWH_Vitrina_485,Низкая,96,21,96,2,4
DWH_Vitrina_486,Средняя,192,1,83,5,3
DWH_Vitrina_487,Средняя,107,16,91,10,7
DWH_Vitrina_488,Средняя,62,16,91,11,1
DWH_Vitrina_489,Средняя,119,19,77,5,7
DWH_Vitrina_490,Высокая,86,12,89,4,6
DWH_Vitrina_491,Низкая,120,1,93,3,6
DWH_Vitrina_492,Средняя,194,2,81,2,3
DWH_Vitrina_493,Низкая,75,7,95,10,5
DWH_Vitrina_494,Низкая,104,10,98,8,2
DWH_Vitrina_495,Низкая,21,5,71,5,6
DWH_Vitrina_496,Высокая,167,5,92,7,7
DWH_Vitrina_497,Средняя,167,3,78,8,3
DWH_Vitrina_498,Высокая,155,20,76,4,0
DWH_Vitrina_499,Низкая,54,17,95,8,1
DWH_Vitrina_500,Высокая,53,13,69,3,3
DWH_Vitrina_501,Средняя,183,11,64,7,0
DWH_Vitrina_502,Высокая,168,13,71,9,6
DWH_Vitrina_503,Средняя,155,2,92,8,6
DWH_Vitrina_504,Высокая,101,10,72,2,3
DWH_Vitrina_505,Средняя,64,6,87,9,3
DWH_Vitrina_506,Высокая,28,8,85,7,7
DWH_Vitrina_507,Высокая,193,21,64,8,4
DWH_Vitrina_508,Средняя,189,20,93,7,2
DWH_Vitrina_509,Высокая,70,2,63,3,5
DWH_Vitrina_510,Высокая,149,19,86,1,1
DWH_Vitrina_511,Высокая,101,3,93,10,3
DWH_Vitrina_512,Высокая,23,10,90,4,5
DWH_Vitrina_513,Низкая,7,3,84,4,2
DWH_Vitrina_514,Низкая,119,3,70,10,2
DWH_Vitrina_515,Низкая,135,5,93,2,1
DWH_Vitrina_516,Средняя,126,13,76,8,7
DWH_Vitrina_517,Средняя,64,10,83,9,1
DWH_Vitrina_518,Высокая,166,10,69,11,4
DWH_Vitrina_519,Средняя,117,4,98,9,7
DWH_Vitrina_520,Низкая,70,9,81,4,4
DWH_Vitrina_521,Низкая,110,18,83,11,2
DWH_Vitrina_522,Средняя,138,9,67,11,7
DWH_Vitrina_523,Низкая,143,15,99,10,7
DWH_Vitrina_524,Высокая,182,14,67,3,5
DWH_Vitrina_525,Средняя,179,19,64,8,6
DWH_Vitrina_526,Средняя,146,3,76,7,0
DWH_Vitrina_527,Низкая,164,19,76,6,7
DWH_Vitrina_528,Высокая,71,1,61,8,3
DWH_Vitrina_529,Высокая,47,1,78,10,0
DWH_Vitrina_530,Низкая,34,6,60,1,5
DWH_Vitrina_531,Средняя,33,16,90,10,6
DWH_Vitrina_532,Низкая,64,18,71,9,4
DWH_Vitrina_533,Средняя,189,16,70,8,1
DWH_Vitrina_534,Средняя,164,14,100,5,2
DWH_Vitrina_535,Средняя,79,5,70,10,7
DWH_Vitrina_536,Средняя,97,5,99,1,7
DWH_Vitrina_537,Средняя,57,4,74,6,5
DWH_Vitrina_538,Средняя,124,12,63,8,4
DWH_Vitrina_539,Низкая,37,10,61,5,3
DWH_Vitrina_540,Низкая,95,15,70,7,5
DWH_Vitrina_541,Высокая,148,12,86,7,3
DWH_Vitrina_542,Высокая,177,13,61,5,0
DWH_Vitrina_543,Средняя,118,6,79,8,4
DWH_Vitrina_544,Низкая,121,3,77,6,5
DWH_Vitrina_545,Средняя,192,10,94,2,3
DWH_Vitrina_546,Низкая,141,6,67,8,6
DWH_Vitrina_547,Средняя,132,13,95,2,7
DWH_Vitrina_548,Низкая,23,21,61,7,5
DWH_Vitrina_549,Высокая,77,15,64,1,3
DWH_Vitrina_550,Низкая,96,19,61,11,6
DWH_Vitrina_551,Высокая,111,11,98,10,3
DWH_Vitrina_552,Низкая,171,4,83,3,7
DWH_Vitrina_553,Низкая,87,11,72,1,3
DWH_Vitrina_554,Низкая,14,16,82,8,2
DWH_Vitrina_555,Низкая,120,15,72,9,7
DWH_Vitrina_556,Высокая,78,20,100,7,2
DWH_Vitrina_557,Средняя,73,14,68,2,2
DWH_Vitrina_558,Низкая,135,10,71,2,2
DWH_Vitrina_559,Низкая,168,20,76,1,1
DWH_Vitrina_560,Средняя,50,10,74,6,0
DWH_Vitrina_561,Высокая,47,20,64,10,6
DWH_Vitrina_562,Низкая,34,2,91,9,3
DWH_Vitrina_563,Средняя,148,14,90,10,2
DWH_Vitrina_564,Высокая,55,21,91,5,2
DWH_Vitrina_565,Низкая,13,6,71,11,5
DWH_Vitrina_566,Низкая,158,4,90,10,5
DWH_Vitrina_567,Высокая,128,16,75,8,7
DWH_Vitrina_568,Средняя,180,12,73,5,0
DWH_Vitrina_569,Низкая,78,20,78,2,3
DWH_Vitrina_570,Высокая,168,1,100,1,5
DWH_Vitrina_571,Средняя,70,13,87,3,7
DWH_Vitrina_572,Средняя,35,2,81,5,2
DWH_Vitrina_573,Низкая,122,6,79,1,4
DWH_Vitrina_574,Средняя,112,3,94,3,0
DWH_Vitrina_575,Высокая,12,11,64,2,4
DWH_Vitrina_576,Низкая,27,11,98,5,3
DWH_Vitrina_577,Средняя,177,2,78,7,5
DWH_Vitrina_578,Средняя,129,4,94,5,6
DWH_Vitrina_579,Высокая,131,10,91,10,4
DWH_Vitrina_580,Высокая,173,14,61,2,1
DWH_Vitrina_581,Низкая,134,13,86,5,7
DWH_Vitrina_582,Высокая,50,11,97,5,2
DWH_Vitrina_583,Средняя,118,5,67,8,1
DWH_Vitrina_584,Низкая,133,6,87,6,5
DWH_Vitrina_585,Средняя,104,3,75,1,4
DWH_Vitrina_586,Низкая,165,7,60,2,1
DWH_Vitrina_587,Высокая,109,20,60,1,0
DWH_Vitrina_588,Низкая,87,13,76,8,7
DWH_Vitrina_589,Высокая,121,10,62,3,7
DWH_Vitrina_590,Средняя,121,18,87,11,6
DWH_Vitrina_591,Средняя,77,10,91,11,0
DWH_Vitrina_592,Высокая,43,19,87,3,2
DWH_Vitrina_593,Высокая,192,3,67,4,0
DWH_Vitrina_594,Высокая,127,5,87,3,0
DWH_Vitrina_595,Высокая,24,5,79,9,0
DWH_Vitrina_596,Низкая,108,12,84,10,4
DWH_Vitrina_597,Низкая,126,16,66,7,3
DWH_Vitrina_598,Низкая,50,21,94,5,0
DWH_Vitrina_599,Высокая,58,1,93,2,3
DWH_Vitrina_600,Высокая,154,8,82,7,3
DWH_Vitrina_601,Высокая,41,2,85,8,1
DWH_Vitrina_602,Средняя,14,9,81,5,2
DWH_Vitrina_603,Средняя,140,13,60,2,7
DWH_Vitrina_604,Средняя,42,7,62,1,7
DWH_Vitrina_605,Низкая,144,11,80,4,0
DWH_Vitrina_606,Средняя,16,17,81,3,7
DWH_Vitrina_607,Средняя,201,21,97,1,4
DWH_Vitrina_608,Средняя,50,10,96,10,4
DWH_Vitrina_609,Высокая,142,8,72,4,1
DWH_Vitrina_610,Средняя,136,12,77,7,7
DWH_Vitrina_611,Средняя,121,3,90,4,4
DWH_Vitrina_612,Низкая,146,14,87,4,1
DWH_Vitrina_613,Средняя,26,17,98,9,7
DWH_Vitrina_614,Низкая,17,2,60,6,0
DWH_Vitrina_615,Высокая,105,12,101,9,0
DWH_Vitrina_616,Высокая,180,11,80,9,7
DWH_Vitrina_617,Средняя,156,18,98,10,3
DWH_Vitrina_618,Высокая,53,2,65,4,7
DWH_Vitrina_619,Низкая,120,10,60,4,6
DWH_Vitrina_620,Низкая,196,7,65,10,1
DWH_Vitrina_621,Низкая,170,1,62,7,3
DWH_Vitrina_622,Средняя,147,16,71,6,3
DWH_Vitrina_623,Высокая,98,20,74,9,1
DWH_Vitrina_624,Низкая,102,14,82,7,0
DWH_Vitrina_625,Низкая,83,12,73,8,0
DWH_Vitrina_626,Высокая,174,2,62,6,6
DWH_Vitrina_627,Средняя,8,9,67,4,3
DWH_Vitrina_628,Низкая,41,4,76,11,5
DWH_Vitrina_629,Низкая,46,6,94,9,6
DWH_Vitrina_630,Высокая,150,12,69,9,7
DWH_Vitrina_631,Низкая,47,19,63,4,4
DWH_Vitrina_632,Низкая,118,2,68,8,1
DWH_Vitrina_633,Средняя,181,15,99,8,0
DWH_Vitrina_634,Высокая,79,12,83,9,2
DWH_Vitrina_635,Средняя,36,19,62,1,3
DWH_Vitrina_636,Низкая,152,15,97,7,0
DWH_Vitrina_637,Высокая,66,3,61,5,7
DWH_Vitrina_638,Высокая,154,8,66,8,2
DWH_Vitrina_639,Низкая,114,13,97,7,4
DWH_Vitrina_640,Средняя,185,4,91,7,4
DWH_Vitrina_641,Средняя,95,19,72,1,1
DWH_Vitrina_642,Средняя,141,6,76,5,5
DWH_Vitrina_643,Высокая,139,11,71,10,0
DWH_Vitrina_644,Средняя,13,14,85,11,3
DWH_Vitrina_645,Низкая,116,7,84,5,6
DWH_Vitrina_646,Средняя,190,18,67,7,7
DWH_Vitrina_647,Средняя,34,5,70,6,3
DWH_Vitrina_648,Высокая,33,2,61,11,7
DWH_Vitrina_649,Высокая,98,15,94,4,2
DWH_Vitrina_650,Низкая,98,4,82,4,6
DWH_Vitrina_651,Средняя,158,6,84,1,1
DWH_Vitrina_652,Высокая,66,18,87,5,4
DWH_Vitrina_653,Средняя,105,7,82,7,1
DWH_Vitrina_654,Высокая,137,12,83,10,2
DWH_Vitrina_655,Низкая,5,7,89,7,1
DWH_Vitrina_656,Низкая,63,10,76,5,7
DWH_Vitrina_657,Высокая,113,19,64,2,4
DWH_Vitrina_658,Средняя,117,15,81,1,6
DWH_Vitrina_659,Средняя,42,19,82,5,2
DWH_Vitrina_660,Высокая,119,21,76,4,3
DWH_Vitrina_661,Низкая,18,4,76,10,0
DWH_Vitrina_662,Низкая,57,20,88,7,1
DWH_Vitrina_663,Низкая,29,15,81,8,4
DWH_Vitrina_664,Средняя,60,7,85,5,7
DWH_Vitrina_665,Средняя,190,6,77,6,6
DWH_Vitrina_666,Средняя,108,15,67,3,0
DWH_Vitrina_667,Высокая,141,16,83,6,1
DWH_Vitrina_668,Средняя,36,11,87,3,5
DWH_Vitrina_669,Средняя,59,9,97,6,3
DWH_Vitrina_670,Высокая,199,2,87,7,1
DWH_Vitrina_671,Средняя,97,2,100,10,0
DWH_Vitrina_672,Низкая,31,13,90,10,7
DWH_Vitrina_673,Низкая,191,6,101,1,3
DWH_Vitrina_674,Средняя,149,8,99,11,4
DWH_Vitrina_675,Низкая,145,14,87,4,7
DWH_Vitrina_676,Высокая,176,8,60,11,3
DWH_Vitrina_677,Высокая,107,11,80,10,1
DWH_Vitrina_678,Низкая,58,5,77,3,6
DWH_Vitrina_679,Средняя,140,21,91,8,4
DWH_Vitrina_680,Низкая,88,11,78,10,4
DWH_Vitrina_681,Высокая,93,18,74,10,6
DWH_Vitrina_682,Средняя,28,12,93,4,4
DWH_Vitrina_683,Средняя,24,4,67,8,2
DWH_Vitrina_684,Высокая,184,15,96,5,7
DWH_Vitrina_685,Низкая,144,6,92,1,3
DWH_Vitrina_686,Средняя,36,11,99,10,2
DWH_Vitrina_687,Низкая,104,20,80,2,4
DWH_Vitrina_688,Средняя,159,5,67,7,1
DWH_Vitrina_689,Высокая,72,1,81,5,0
DWH_Vitrina_690,Средняя,140,1,66,2,6
DWH_Vitrina_691,Низкая,133,8,81,3,0
DWH_Vitrina_692,Средняя,171,3,63,3,7
DWH_Vitrina_693,Высокая,35,10,81,8,0
DWH_Vitrina_694,Высокая,105,11,96,3,0
DWH_Vitrina_695,Низкая,146,5,85,1,3
DWH_Vitrina_696,Средняя,25,11,99,5,4
DWH_Vitrina_697,Средняя,67,5,77,9,3
DWH_Vitrina_698,Высокая,49,9,71,1,7
DWH_Vitrina_699,Низкая,131,15,96,5,1
DWH_Vitrina_700,Высокая,39,4,76,8,6
DWH_Vitrina_701,Низкая,57,4,65,9,1
DWH_Vitrina_702,Средняя,123,17,61,4,2
DWH_Vitrina_703,Средняя,41,21,73,10,0
DWH_Vitrina_704,Низкая,187,12,77,3,5
DWH_Vitrina_705,Средняя,93,19,64,2,6
DWH_Vitrina_706,Средняя,72,14,101,2,2
DWH_Vitrina_707,Средняя,73,19,65,2,1
DWH_Vitrina_708,Высокая,61,2,89,7,3
DWH_Vitrina_709,Высокая,35,18,78,7,6
DWH_Vitrina_710,Низкая,174,9,97,4,5
DWH_Vitrina_711,Средняя,94,13,62,9,4
DWH_Vitrina_712,Высокая,118,3,74,7,1
DWH_Vitrina_713,Высокая,50,7,98,8,1
DWH_Vitrina_714,Низкая,164,12,100,5,5
DWH_Vitrina_715,Высокая,61,5,67,7,7
DWH_Vitrina_716,Высокая,182,14,80,6,1
DWH_Vitrina_717,Низкая,155,7,84,11,7
DWH_Vitrina_718,Средняя,88,5,81,5,3
DWH_Vitrina_719,Низкая,12,11,82,9,3
DWH_Vitrina_720,Средняя,163,3,72,9,3
DWH_Vitrina_721,Низкая,81,13,80,7,0
DWH_Vitrina_722,Средняя,73,10,69,6,5
DWH_Vitrina_723,Средняя,148,9,70,4,6
DWH_Vitrina_724,Высокая,78,13,85,5,6
DWH_Vitrina_725,Низкая,95,19,76,9,6
DWH_Vitrina_726,Высокая,82,6,93,11,1
DWH_Vitrina_727,Низкая,179,21,71,11,1
DWH_Vitrina_728,Средняя,29,1,77,8,0
DWH_Vitrina_729,Средняя,184,3,77,6,6
DWH_Vitrina_730,Высокая,192,19,97,8,1
DWH_Vitrina_731,Средняя,175,12,88,4,4
DWH_Vitrina_732,Средняя,22,1,78,2,5
DWH_Vitrina_733,Высокая,147,19,66,4,0
DWH_Vitrina_734,Высокая,48,1,73,11,0
DWH_Vitrina_735,Средняя,195,19,75,4,6
DWH_Vitrina_736,Средняя,201,20,87,7,3
DWH_Vitrina_737,Высокая,184,8,71,5,1
DWH_Vitrina_738,Высокая,151,6,97,5,6
DWH_Vitrina_739,Средняя,34,20,93,10,0
DWH_Vitrina_740,Средняя,196,2,71,9,7
DWH_Vitrina_741,Низкая,12,7,88,2,4
DWH_Vitrina_742,Низкая,132,17,83,10,4
DWH_Vitrina_743,Высокая,177,14,86,11,6
DWH_Vitrina_744,Низкая,159,16,71,5,2
DWH_Vitrina_745,Низкая,164,14,97,1,2
DWH_Vitrina_746,Высокая,40,4,97,7,3
DWH_Vitrina_747,Низкая,108,14,61,5,7
DWH_Vitrina_748,Низкая,195,7,79,5,5
DWH_Vitrina_749,Средняя,29,8,70,2,6
DWH_Vitrina_750,Высокая,27,3,60,7,2
DWH_Vitrina_751,Высокая,87,9,91,1,0
DWH_Vitrina_752,Средняя,165,21,62,8,0
DWH_Vitrina_753,Низкая,36,7,68,3,1
DWH_Vitrina_754,Высокая,46,17,94,7,7
DWH_Vitrina_755,Низкая,109,1,68,3,7
DWH_Vitrina_756,Высокая,61,16,77,3,4
DWH_Vitrina_757,Низкая,28,13,95,6,3
DWH_Vitrina_758,Средняя,180,7,78,9,5
DWH_Vitrina_759,Высокая,83,4,73,9,3
DWH_Vitrina_760,Средняя,62,6,101,11,5
DWH_Vitrina_761,Средняя,152,1,84,11,5
DWH_Vitrina_762,Средняя,93,7,68,10,7
DWH_Vitrina_763,Низкая,47,13,62,5,6
DWH_Vitrina_764,Средняя,100,3,78,11,4
DWH_Vitrina_765,Высокая,88,5,90,8,3
DWH_Vitrina_766,Средняя,159,20,75,10,4
DWH_Vitrina_767,Высокая,48,5,71,3,3
DWH_Vitrina_768,Низкая,127,14,91,7,6
DWH_Vitrina_769,Средняя,168,9,74,8,3
DWH_Vitrina_770,Низкая,129,4,75,10,3
DWH_Vitrina_771,Высокая,139,19,60,9,3
DWH_Vitrina_772,Низкая,83,2,88,11,6
DWH_Vitrina_773,Средняя,8,5,92,1,3
DWH_Vitrina_774,Высокая,17,1,101,5,3
DWH_Vitrina_775,Низкая,95,2,94,6,4
DWH_Vitrina_776,Низкая,40,8,70,3,2
DWH_Vitrina_777,Низкая,71,12,60,6,6
DWH_Vitrina_778,Средняя,8,15,81,9,7
DWH_Vitrina_779,Высокая,163,4,99,2,0
DWH_Vitrina_780,Средняя,15,14,83,3,6
DWH_Vitrina_781,Низкая,67,1,75,6,0
DWH_Vitrina_782,Средняя,66,8,67,8,0
DWH_Vitrina_783,Высокая,136,10,88,6,5
DWH_Vitrina_784,Высокая,100,20,77,4,6
DWH_Vitrina_785,Высокая,127,18,69,2,3
DWH_Vitrina_786,Средняя,69,8,91,7,7
DWH_Vitrina_787,Средняя,73,1,97,1,6
DWH_Vitrina_788,Низкая,37,15,90,4,5
DWH_Vitrina_789,Средняя,40,5,89,7,1
DWH_Vitrina_790,Средняя,43,19,88,11,5
DWH_Vitrina_791,Высокая,78,5,62,6,0
DWH_Vitrina_792,Низкая,117,8,93,3,7
DWH_Vitrina_793,Высокая,26,7,80,11,3
DWH_Vitrina_794,Высокая,81,3,83,1,5
DWH_Vitrina_795,Средняя,151,5,63,6,3
DWH_Vitrina_796,Средняя,52,17,96,3,7
DWH_Vitrina_797,Средняя,108,16,78,4,3
DWH_Vitrina_798,Низкая,147,13,89,8,6
DWH_Vitrina_799,Средняя,122,19,93,6,7
DWH_Vitrina_800,Низкая,192,6,83,10,2
DWH_Vitrina_801,Средняя,138,19,77,4,3
DWH_Vitrina_802,Высокая,22,16,74,7,1
DWH_Vitrina_803,Высокая,201,18,90,5,2
DWH_Vitrina_804,Средняя,193,8,84,4,7
DWH_Vitrina_805,Низкая,104,16,89,4,5
DWH_Vitrina_806,Низкая,153,7,98,1,7
DWH_Vitrina_807,Средняя,75,13,74,4,6
DWH_Vitrina_808,Высокая,200,6,87,4,6
DWH_Vitrina_809,Высокая,58,13,70,3,4
DWH_Vitrina_810,Высокая,54,16,96,10,3
DWH_Vitrina_811,Высокая,83,10,68,5,7
DWH_Vitrina_812,Высокая,74,14,72,2,7
DWH_Vitrina_813,Высокая,112,8,83,1,0
DWH_Vitrina_814,Низкая,64,13,83,3,2
DWH_Vitrina_815,Высокая,21,12,76,11,1
DWH_Vitrina_816,Высокая,160,18,64,2,3
DWH_Vitrina_817,Низкая,51,20,63,5,5
DWH_Vitrina_818,Низкая,119,11,100,11,4
DWH_Vitrina_819,Низкая,71,20,87,11,7
DWH_Vitrina_820,Низкая,147,5,87,2,2
DWH_Vitrina_821,Высокая,170,14,61,4,3
DWH_Vitrina_822,Высокая,95,1,87,8,3
DWH_Vitrina_823,Средняя,96,1,83,5,2
DWH_Vitrina_824,Низкая,107,4,78,6,2
DWH_Vitrina_825,Высокая,95,4,60,7,0
DWH_Vitrina_826,Высокая,93,12,65,3,0
DWH_Vitrina_827,Высокая,105,5,66,4,4
DWH_Vitrina_828,Низкая,56,3,71,9,2
DWH_Vitrina_829,Средняя,144,16,94,5,3
DWH_Vitrina_830,Низкая,150,5,79,7,2
DWH_Vitrina_831,Средняя,125,18,95,6,7
DWH_Vitrina_832,Высокая,62,18,81,4,0
DWH_Vitrina_833,Низкая,5,15,101,6,6
DWH_Vitrina_834,Низкая,191,2,93,7,2
DWH_Vitrina_835,Низкая,6,18,96,5,2
DWH_Vitrina_836,Высокая,100,1,98,11,2
DWH_Vitrina_837,Высокая,191,1,80,5,4
DWH_Vitrina_838,Высокая,196,1,100,7,1
DWH_Vitrina_839,Низкая,159,6,62,7,7
DWH_Vitrina_840,Высокая,156,8,93,1,7
DWH_Vitrina_841,Средняя,110,11,90,1,5
DWH_Vitrina_842,Средняя,114,18,72,5,3
DWH_Vitrina_843,Низкая,154,20,81,4,6
DWH_Vitrina_844,Низкая,198,11,95,7,5
DWH_Vitrina_845,Высокая,8,5,68,4,6
DWH_Vitrina_846,Высокая,88,14,65,3,2
DWH_Vitrina_847,Низкая,109,21,73,1,2
DWH_Vitrina_848,Низкая,55,2,93,6,1
DWH_Vitrina_849,Низкая,84,17,74,7,0
DWH_Vitrina_850,Низкая,59,17,83,7,1
DWH_Vitrina_851,Низкая,165,8,94,5,5
DWH_Vitrina_852,Средняя,63,14,93,11,5
DWH_Vitrina_853,Средняя,59,17,82,1,2
DWH_Vitrina_854,Низкая,127,4,73,10,4
DWH_Vitrina_855,Низкая,27,8,60,2,6
DWH_Vitrina_856,Высокая,90,19,95,11,2
DWH_Vitrina_857,Низкая,9,14,82,2,3
DWH_Vitrina_858,Низкая,26,4,73,7,4
DWH_Vitrina_859,Средняя,108,7,67,8,6
DWH_Vitrina_860,Средняя,175,16,79,6,7
DWH_Vitrina_861,Низкая,69,10,65,2,3
DWH_Vitrina_862,Средняя,59,17,62,9,1
DWH_Vitrina_863,Средняя,191,2,69,8,1
DWH_Vitrina_864,Средняя,5,2,61,11,4
DWH_Vitrina_865,Средняя,120,11,69,7,2
DWH_Vitrina_866,Низкая,29,19,82,8,2
DWH_Vitrina_867,Низкая,11,19,70,5,5
DWH_Vitrina_868,Низкая,195,15,64,11,3
DWH_Vitrina_869,Средняя,138,6,75,4,0
DWH_Vitrina_870,Средняя,22,16,79,9,7
DWH_Vitrina_871,Низкая,84,7,90,8,0
DWH_Vitrina_872,Средняя,160,15,72,1,3
DWH_Vitrina_873,Высокая,184,17,74,9,6
DWH_Vitrina_874,Средняя,70,14,60,5,6
DWH_Vitrina_875,Низкая,86,14,76,1,0
DWH_Vitrina_876,Высокая,197,21,67,10,6
DWH_Vitrina_877,Средняя,178,13,66,5,1
DWH_Vitrina_878,Средняя,178,6,72,11,1
DWH_Vitrina_879,Низкая,136,10,89,8,3
DWH_Vitrina_880,Высокая,82,13,77,4,0
DWH_Vitrina_881,Средняя,120,5,65,3,2
DWH_Vitrina_882,Низкая,85,2,65,10,1
DWH_Vitrina_883,Высокая,194,16,99,9,1
DWH_Vitrina_884,Низкая,64,20,80,11,0
DWH_Vitrina_885,Высокая,15,3,72,3,7
DWH_Vitrina_886,Низкая,188,6,76,8,6
DWH_Vitrina_887,Низкая,108,20,72,4,7
DWH_Vitrina_888,Низкая,97,17,83,7,7
DWH_Vitrina_889,Низкая,75,12,76,2,2
DWH_Vitrina_890,Средняя,128,20,100,8,4
DWH_Vitrina_891,Высокая,79,2,88,5,1
DWH_Vitrina_892,Средняя,154,2,60,5,1
DWH_Vitrina_893,Низкая,7,1,94,5,2
DWH_Vitrina_894,Низкая,107,18,65,7,7
DWH_Vitrina_895,Низкая,163,7,64,5,7
DWH_Vitrina_896,Низкая,159,4,82,11,1
DWH_Vitrina_897,Высокая,5,6,77,3,0
DWH_Vitrina_898,Высокая,32,1,70,4,6
DWH_Vitrina_899,Низкая,196,5,74,8,5
DWH_Vitrina_900,Высокая,135,19,101,6,4
DWH_Vitrina_901,Средняя,83,10,79,5,2
DWH_Vitrina_902,Средняя,135,4,77,10,2
DWH_Vitrina_903,Низкая,111,1,68,7,7
DWH_Vitrina_904,Низкая,136,11,64,8,2
DWH_Vitrina_905,Высокая,24,11,76,2,4
DWH_Vitrina_906,Низкая,131,18,88,11,0
DWH_Vitrina_907,Средняя,100,19,79,8,0
DWH_Vitrina_908,Высокая,18,14,100,1,1
DWH_Vitrina_909,Средняя,174,19,88,9,3
DWH_Vitrina_910,Низкая,79,8,68,7,1
DWH_Vitrina_911,Средняя,61,7,97,10,6
DWH_Vitrina_912,Низкая,11,19,90,3,3
DWH_Vitrina_913,Высокая,84,11,62,3,0
DWH_Vitrina_914,Средняя,171,3,66,7,3
DWH_Vitrina_915,Высокая,23,8,76,7,2
DWH_Vitrina_916,Высокая,16,3,71,11,4
DWH_Vitrina_917,Низкая,98,12,96,11,7
DWH_Vitrina_918,Средняя,88,20,61,5,5
DWH_Vitrina_919,Низкая,30,6,92,10,0
DWH_Vitrina_920,Высокая,67,1,97,9,4
DWH_Vitrina_921,Высокая,32,12,91,3,5
DWH_Vitrina_922,Средняя,193,5,95,5,4
DWH_Vitrina_923,Средняя,132,18,62,7,2
DWH_Vitrina_924,Низкая,199,4,95,1,7
DWH_Vitrina_925,Низкая,110,21,87,4,7
DWH_Vitrina_926,Высокая,44,14,99,10,1
DWH_Vitrina_927,Средняя,163,12,67,2,4
DWH_Vitrina_928,Низкая,152,19,72,7,7
DWH_Vitrina_929,Низкая,189,13,99,7,4
DWH_Vitrina_930,Низкая,68,12,76,9,1
DWH_Vitrina_931,Низкая,95,7,72,5,1
DWH_Vitrina_932,Средняя,140,18,65,6,1
DWH_Vitrina_933,Средняя,102,14,94,11,2
DWH_Vitrina_934,Высокая,156,11,96,6,0
DWH_Vitrina_935,Низкая,175,3,64,1,5
DWH_Vitrina_936,Низкая,171,20,100,7,5
DWH_Vitrina_937,Средняя,26,21,70,11,2
DWH_Vitrina_938,Высокая,87,11,90,1,2
DWH_Vitrina_939,Средняя,136,8,66,3,0
DWH_Vitrina_940,Низкая,25,15,82,9,1
DWH_Vitrina_941,Высокая,193,9,90,1,6
DWH_Vitrina_942,Средняя,148,11,90,11,4
DWH_Vitrina_943,Высокая,24,13,70,5,1
DWH_Vitrina_944,Низкая,17,14,94,5,6
DWH_Vitrina_945,Низкая,140,2,79,4,0
DWH_Vitrina_946,Средняя,160,15,80,5,7
DWH_Vitrina_947,Высокая,201,3,68,7,1
DWH_Vitrina_948,Высокая,159,18,70,10,2
DWH_Vitrina_949,Низкая,47,11,80,5,4
DWH_Vitrina_950,Средняя,143,18,75,6,4
DWH_Vitrina_951,Средняя,166,19,87,2,2
DWH_Vitrina_952,Средняя,99,12,85,10,6
DWH_Vitrina_953,Низкая,80,9,81,4,3
DWH_Vitrina_954,Средняя,21,12,84,7,4
DWH_Vitrina_955,Низкая,25,9,95,8,1
DWH_Vitrina_956,Низкая,97,17,72,4,1
DWH_Vitrina_957,Низкая,115,16,90,2,6
DWH_Vitrina_958,Высокая,164,14,71,11,2
DWH_Vitrina_959,Высокая,163,19,80,4,5
DWH_Vitrina_960,Высокая,175,9,80,11,2
DWH_Vitrina_961,Средняя,157,7,71,9,2
DWH_Vitrina_962,Средняя,156,16,66,7,1
DWH_Vitrina_963,Средняя,144,7,80,9,7
DWH_Vitrina_964,Низкая,124,13,84,9,2
DWH_Vitrina_965,Низкая,154,5,98,2,7
DWH_Vitrina_966,Низкая,187,1,82,7,1
DWH_Vitrina_967,Средняя,132,21,98,5,6
DWH_Vitrina_968,Высокая,149,9,74,5,6
DWH_Vitrina_969,Высокая,32,12,63,11,2
DWH_Vitrina_970,Высокая,134,9,85,9,0
DWH_Vitrina_971,Высокая,9,4,79,7,5
DWH_Vitrina_972,Низкая,164,9,88,10,2
DWH_Vitrina_973,Средняя,23,7,87,1,4
DWH_Vitrina_974,Низкая,197,13,89,7,2
DWH_Vitrina_975,Низкая,141,3,97,10,3
DWH_Vitrina_976,Средняя,30,12,72,11,3
DWH_Vitrina_977,Средняя,72,19,94,9,1
DWH_Vitrina_978,Высокая,92,7,62,11,2
DWH_Vitrina_979,Средняя,11,15,70,1,6
DWH_Vitrina_980,Средняя,55,5,85,3,1
DWH_Vitrina_981,Высокая,154,15,96,11,2
DWH_Vitrina_982,Низкая,160,11,61,11,4
DWH_Vitrina_983,Высокая,199,19,101,7,6
DWH_Vitrina_984,Высокая,88,18,82,8,4
DWH_Vitrina_985,Низкая,114,3,77,9,0
DWH_Vitrina_986,Высокая,74,21,96,11,1
DWH_Vitrina_987,Средняя,39,8,87,1,1
DWH_Vitrina_988,Низкая,75,8,63,1,7
DWH_Vitrina_989,Высокая,105,16,92,8,2
DWH_Vitrina_990,Средняя,60,17,67,7,1
DWH_Vitrina_991,Высокая,163,19,97,2,2
DWH_Vitrina_992,Средняя,27,7,72,4,2
DWH_Vitrina_993,Средняя,88,12,81,11,3
DWH_Vitrina_994,Высокая,201,1,61,2,6
DWH_Vitrina_995,Низкая,10,7,85,2,7
DWH_Vitrina_996,Средняя,29,2,68,10,6
DWH_Vitrina_997,Низкая,198,17,74,7,6
DWH_Vitrina_998,Средняя,20,4,74,2,5
DWH_Vitrina_999,Низкая,53,12,91,4,5
DWH_Vitrina_1000,Средняя,177,3,76,7,0
